[
  {
    "date": "2026-02-15 09:00:00",
    "ratio": 17.5,
    "pixels": 25000,
    "image_url": ""
  },
  {
    "date": "2026-02-16 09:12:00",
    "ratio": 22.1,
    "pixels": 31500,
    "image_url": ""
  },
  {
    "date": "2026-02-17 08:55:00",
    "ratio": 28.4,
    "pixels": 40200,
    "image_url": ""
  },
  {
    "date": "2026-02-18 09:30:15",
    "ratio": 31.8,
    "pixels": 45100,
    "image_url": ""
  },
  {
    "date": "2026-02-19 14:20:10",
    "ratio": 35.2,
    "pixels": 50500,
    "image_url": ""
  },
  {
    "date": "2026-02-20 12:25:11",
    "ratio": 6.62,
    "pixels": 28230
  },
  {
    "date": "2026-02-20 12:26:37",
    "ratio": 63.98,
    "pixels": 238532
  },
  {
    "date": "2026-02-20 12:27:48",
    "ratio": 63.98,
    "pixels": 238532
  },
  {
    "date": "2026-02-20 04:01:26",
    "ratio": 63.98,
    "pixels": 238532
  }
]