{
  "timestamp": "2026-02-20 04:19:43",
  "nodes": {
    "AAA": {
      "sensors": [
        {
          "id": "AAA001",
          "name": "pH 센서",
          "val": 38.85,
          "pin": "GPIO0(ADC)",
          "type": "analog"
        },
        {
          "id": "AAA002",
          "name": "EC 센서",
          "val": 61.65,
          "pin": "GPIO1(ADC)",
          "type": "analog"
        }
      ],
      "actuators": [
        {
          "id": "AAA105",
          "name": "pH Up 펌프",
          "state": "OFF"
        },
        {
          "id": "AAA106",
          "name": "pH Down 펌프",
          "state": "ACTIVE (By:AAA001 Msg:PH_DOWN)"
        },
        {
          "id": "AAA107",
          "name": "양액(A) 펌프",
          "state": "OFF"
        },
        {
          "id": "AAA108",
          "name": "배수 밸브",
          "state": "ACTIVE (By:AAA002 Msg:DILUTE)"
        }
      ]
    },
    "AAB": {
      "sensors": [
        {
          "id": "AAB001",
          "name": "pH 센서",
          "val": 55.75,
          "pin": "GPIO0(ADC)",
          "type": "analog"
        }
      ],
      "actuators": [
        {
          "id": "AAB105",
          "name": "pH Up 펌프",
          "state": "OFF"
        },
        {
          "id": "AAB106",
          "name": "pH Down 펌프",
          "state": "ACTIVE (By:AAB001 Msg:PH_DOWN)"
        }
      ]
    },
    "AAC": {
      "sensors": [
        {
          "id": "AAC001",
          "name": "수위 센서",
          "val": 24.17,
          "pin": "GPIO0(ADC)",
          "type": "analog"
        }
      ],
      "actuators": [
        {
          "id": "AAC103",
          "name": "배수 밸브",
          "state": "ACTIVE (By:AAC001 Msg:DRAIN)"
        },
        {
          "id": "AAC104",
          "name": "급수 밸브",
          "state": "ACTIVE (By:AAC001 Msg:REFILL)"
        }
      ]
    },
    "AAD": {
      "sensors": [
        {
          "id": "AAD001",
          "name": "온도 센서",
          "val": 67.03,
          "pin": "GPIO5",
          "type": "digital"
        }
      ],
      "actuators": [
        {
          "id": "AAD109",
          "name": "히터",
          "state": "ACTIVE (By:AAD001 Msg:HEATING)"
        },
        {
          "id": "AAD110",
          "name": "냉각기",
          "state": "ACTIVE (By:AAD001 Msg:COOLING)"
        }
      ]
    },
    "AAE": {
      "sensors": [
        {
          "id": "AAE001",
          "name": "조도(PPFD) 센서",
          "val": 42.79,
          "pin": "GPIO0(ADC)",
          "type": "analog"
        }
      ],
      "actuators": [
        {
          "id": "AAE111",
          "name": "LED 성장등",
          "state": "ACTIVE (By:AAE001 Msg:LIGHT_ON)"
        }
      ]
    },
    "AAF": {
      "sensors": [
        {
          "id": "AAF001",
          "name": "DO(용존산소) 센서",
          "val": 27.17,
          "pin": "GPIO0(ADC)",
          "type": "analog"
        }
      ],
      "actuators": [
        {
          "id": "AAF102",
          "name": "에어 펌프",
          "state": "OFF"
        }
      ]
    },
    "AAG": {
      "sensors": [
        {
          "id": "AAG001",
          "name": "습도 센서",
          "val": 46.4,
          "pin": "GPIO0(ADC)",
          "type": "analog"
        }
      ],
      "actuators": [
        {
          "id": "AAG112",
          "name": "유동 팬",
          "state": "ACTIVE (By:AAG001 Msg:FAN_ON)"
        }
      ]
    },
    "AAH": {
      "sensors": [
        {
          "id": "AAH001",
          "name": "CO2 센서",
          "val": 46.11,
          "pin": "GPIO0(ADC)",
          "type": "analog"
        }
      ],
      "actuators": [
        {
          "id": "AAH103",
          "name": "환풍기",
          "state": "ACTIVE (By:AAH001 Msg:CO2_INJECT)"
        }
      ]
    },
    "AAI": {
      "sensors": [
        {
          "id": "AAI001",
          "name": "수온 센서",
          "val": 50.01,
          "pin": "GPIO0(ADC)",
          "type": "analog"
        }
      ],
      "actuators": [
        {
          "id": "AAI109",
          "name": "히터",
          "state": "OFF"
        },
        {
          "id": "AAI110",
          "name": "냉각기",
          "state": "ACTIVE (By:AAI001 Msg:W_COOL)"
        }
      ]
    },
    "AAJ": {
      "sensors": [
        {
          "id": "AAJ001",
          "name": "양액탱크 레벨 센서",
          "val": 57.46,
          "pin": "GPIO0(ADC)",
          "type": "analog"
        }
      ],
      "actuators": [
        {
          "id": "AAJ107",
          "name": "양액(A) 펌프",
          "state": "ACTIVE (By:AAJ001 Msg:REFILL_NUTRIENT)"
        }
      ]
    }
  }
}